big_shaman,big_warrior,bomb_warrior,burn_mage,control_paladin,control_warrior,deathrattle_hunter,handlock,khadgar_mage,mech_hunter,mech_paladin,midrange_hunter,miracle_rogue,murloc_shaman,resurrect_priest,secret_hunter,shudderwock_shaman,silence_priest,spell_hunter,tempo_rogue,thief_rogue,token_druid,zoo_warlock
Ancestral Healing,Shield Slam,Eternium Rover,Elemental Evocation,Desperate Measures,Eternium Rover,Springpaw,Mortal Coil,Acidic Swamp Ooze,Mecharoo,Glow-Tron,Shimmerfly,Backstab,Grimscale Oracle,Forbidden Words,Secretkeeper,Ancestral Healing,Circle of Healing,Arcane Shot,Backstab,Backstab,Acornbearer,Abusive Sergeant
Ancestral Healing,Shield Slam,Eternium Rover,Elemental Evocation,Desperate Measures,Eternium Rover,Springpaw,Mortal Coil,Acidic Swamp Ooze,Mecharoo,Glow-Tron,Shimmerfly,Backstab,Grimscale Oracle,Forbidden Words,Secretkeeper,Ancestral Healing,Circle of Healing,Arcane Shot,Backstab,Backstab,Acornbearer,Abusive Sergeant
Earth Shock,Whirlwind,Omega Assembly,Magic Trick,Redemption,Omega Assembly,Tracking,Acidic Swamp Ooze,Book of Specters,Acidic Swamp Ooze,Skaterbot,Springpaw,Preparation,Murloc Raider,Topsy Turvy,Explosive Trap,Earth Shock,Silence,Rapid Fire,Preparation,Preparation,Crystalsong Portal,Argent Squire
Earth Shock,Execute,Omega Assembly,Magic Trick,Redemption,Omega Assembly,Acidic Swamp Ooze,Doomsayer,Book of Specters,Bomb Toss,Skaterbot,Springpaw,Preparation,Murloc Raider,Inner Fire,Explosive Trap,Acidic Swamp Ooze,Silence,Rapid Fire,Preparation,Preparation,Crystalsong Portal,Argent Squire
Ancestral Spirit,Execute,Shield Slam,Mirror Image,Flash of Light,Shield Slam,Fireworks Tech,Doomsayer,Firetree Witchdoctor,Bomb Toss,Crystology,Timber Wolf,Shadowstep,Murloc Tidecaller,Inner Fire,Freezing Trap,Acidic Swamp Ooze,Inner Fire,Secret Plan,Shadowstep,Argent Squire,Dreamway Guardians,Crystallizer
Ancestral Spirit,Slam,Shield Slam,Mirror Image,Lightforged Blessing,Shield Slam,Fireworks Tech,Sunfury Protector,Firetree Witchdoctor,Dire Wolf Alpha,Crystology,Timber Wolf,Shadowstep,Murloc Tidecaller,Northshire Cleric,Freezing Trap,Wild Pyromancer,Inner Fire,Secret Plan,Shadowstep,Argent Squire,Dreamway Guardians,Crystallizer
Big Bad Voodoo,Slam,Town Crier,Ray of Frost,Mysterious Blade,Town Crier,Headhunter's Hatchet,Sunfury Protector,Khadgar,Dire Wolf Alpha,Galvanizer,Tracking,Togwaggle's Scheme,Sludge Slurper,Northshire Cleric,Rat Trap,Wild Pyromancer,Northshire Cleric,Tracking,Deadly Poison,Pilfer,EVIL Cable Rat,Flame Imp
Big Bad Voodoo,Sweeping Strikes,Slam,Ray of Frost,Mysterious Blade,Town Crier,Headhunter's Hatchet,Earthen Ring Farseer,Sunfury Protector,Fireworks Tech,Galvanizer,Dire Wolf Alpha,Eviscerate,Sludge Slurper,Power Word: Shield,Rat Trap,Witch's Brew,Northshire Cleric,Tracking,Deadly Poison,Pilfer,EVIL Cable Rat,Flame Imp
Witch's Brew,Sweeping Strikes,Warpath,Acidic Swamp Ooze,Call to Adventure,Baleful Banker,Animal Companion,Earthen Ring Farseer,Conjurer's Calling,Fireworks Tech,Bronze Gatekeeper,Dire Wolf Alpha,Eviscerate,Toxfin,Power Word: Shield,Snake Trap,Acolyte of Pain,Power Word: Shield,Animal Companion,Southsea Deckhand,Togwaggle's Scheme,Keeper Stalladris,Grim Rally
Far Sight,Warpath,Warpath,Khadgar,Call to Adventure,Execute,Animal Companion,Sense Demons,Conjurer's Calling,Galvanizer,Bronze Gatekeeper,Headhunter's Hatchet,Sap,Bluegill Warrior,Divine Hymn,Snipe,Acolyte of Pain,Power Word: Shield,Animal Companion,Southsea Deckhand,Eviscerate,Power of the Wild,Grim Rally
Far Sight,Warpath,Augmented Elekk,Mana Cyclone,Archmage Vargoth,Warpath,Nine Lives,Shadow Bolt,Messenger Raven,Galvanizer,Call to Adventure,Headhunter's Hatchet,Sap,Bluegill Warrior,Divine Hymn,Sunreaver Spy,Far Sight,Ancient Watcher,Deadly Shot,Eviscarate,Eviscerate,Power of the Wild,Mecharoo
Haunting Visions,Shield Block,Augmented Elekk,Mana Cyclone,Consecration,Warpath,Nine Lives,Voodoo Doll,Messenger Raven,Venomizer,Call to Adventure,Hench-Clan Hogsteed,Blink Fox,Ghost Light Angler,Divine Spirit,Sunreaver Spy,Far Sight,Ancient Watcher,Deadly Shot,Eviscarate,Underbelly Fence,Wrath,Mecharoo
Haunting Visions,Shield Block,Clockwork Goblin,Sorcerer's Apprentice,Consecration,Weapons Project,Spider Bomb,Hellfire,Scaleworm,Venomizer,Annoy-o-Module,Hench-Clan Hogsteed,Blink Fox,Ghost Light Angler,Divine Spirit,Animal Companion,Lightning Storm,Dalaran Librarian,Kill Command,Sap,Underbelly Fence,Wrath,Saronite Taskmaster
Spirit of the Frog,Brawl,Clockwork Goblin,Sorcerer's Apprentice,Prismatic Lens,Weapons Project,Spider Bomb,Hellfire,Scaleworm,Spider Bomb,Annoy-o-Module,Scavenging Hyena,Edwin VanCleef,Murloc Tidehunter,Shadow Word: Pain,Animal Companion,Mind Control Tech,Dalaran Librarian,Kill Command,Sap,Blink Fox,Blessing of the Ancients,Saronite Taskmaster
Hex,Brawl,Shield Block,Arcane Intellect,Prismatic Lens,Shield Block,Unleash the Hounds,Spellbreaker,Twilight Drake,Spider Bomb,Archmage Vargoth,Scavenging Hyena,EVIL Miscreant,Murloc Tidehunter,Shadow Word: Death,Deadly Shot,Mind Control Tech,Divine Spirit,Master's Call,Edwin VanCleef,Blink Fox,Blessing of the Ancients,The Soularium
Hex,Supercollider,Shield Block,Arcane Intellect,Truesilver Champion,Shield Block,Unleash the Hounds,Travelling Healer,Twilight Drake,Unleash the Hounds,Coppertail Imposter,Animal Companion,EVIL Miscreant,Soul of the Murloc,Archmage Vargoth,Eaglehorn Bow,Hex,Divine Spirit,Unleash the Hounds,EVIL Miscreant,Edwin VanCleef,Landscaping,Voidwalker
Hagatha's Scheme,Supercollider,Militia Commander,Conjurer's Calling,Truesilver Champion,Militia Commander,Ursatron,Twilight Drake,Dragonmaw Scorcher,Unleash the Hounds,Prismatic Lens,Animal Companion,Fan of Knives,Soul of the Murloc,Hench-Clan Shadequill,Eaglehorn Bow,Hex,Wild Pyromancer,Unleash the Hounds,EVIL Miscreant,Face Collector,Landscaping,Voidwalker
Hagatha's Scheme,Witchwood Grizzly,Militia Commander,Conjurer's Calling,Duel!,Militia Commander,Ursatron,Twilight Drake,Harrison Jones,Ursatron,Prismatic Lens,Kill Command,Fan of Knives,Underbelly Angler,Shadow Madness,Kill Command,Omega Defender,Wild Pyromancer,Marked Shot,Raiding Party,Fan of Knives,Savage Roar,Dire Wolf Alpha
Muckmorpher,Witchwood Grizzly,Wrenchcalibur,Messenger Raven,Duel!,Omega Devastator,Houndmaster Shaw,Sunreaver Warmage,Rotten Applebaum,Ursatron,Truesilver Champion,Kill Command,Hench-Clan Burglar,Underbelly Angler,Convincing Infiltrator,Kill Command,Twilight Drake,Acolyte of Pain,Marked Shot,Raiding Party,Fan of Knives,Savage Roar,Dire Wolf Alpha
Muckmorpher,Zilliax,Wrenchcalibur,Messenger Raven,Zilliax,Omega Devastator,Marked Shot,Sunreaver Warmage,Zilliax,Explodinator,Truesilver Champion,Master's Call,Hench-Clan Burglar,Coldlight Seer,Mass Hysteria,Masked Contender,Twilight Drake,Acolyte of Pain,Wing Blast,SI:7 Agent,SI:7 Agent,Archmage Vargoth,EVIL Genius
Zilliax,Amani War Bear,Brawl,Stargazer Luna,Amani War Bear,Brawl,Marked Shot,Zilliax,Safeguard,Explodinator,Mechano-Egg,Master's Call,Vendetta,Coldlight Seer,Mass Hysteria,Masked Contender,Giggling Inventor,Arcane Watcher,Wing Blast,SI:7 Agent,SI:7 Agent,Mark of the Loa,EVIL Genius
Cairne Bloodhoof,Amani War Bear,Brawl,Sandbinder,Amani War Bear,Brawl,Wing Blast,Aranasi Broodmother,Astromancer,Replicating Menace,Mechano-Egg,Unleash the Hounds,Vendetta,Murloc Warleader,Witchwood Grizzly,Unleash the Hounds,Giggling Inventor,Arcane Watcher,Baited Arrow,Dread Corsair,Academic Espionage,Mark of the Loa,Knife Juggler
Eureka!,"Dr. Boom, Mad Genius",Dyn-o-matic,Giggling Inventor,Batterhead,Darius Crowley,Wing Blast,Siphon Soul,Astromancer,Replicating Menace,Wargear,Unleash the Hounds,Barista Lynchen,Murloc Warleader,Zilliax,Lifedrinker,Hagatha's Scheme,Faceless Rager,Baited Arrow,Dread Corsair,Hench-Clan Burglar,Soul of the Forest,Knife Juggler
Eureka!,"Akali, the Rhino",Dyn-o-matic,Zilliax,Batterhead,Dyn-o-matic,Zilliax,Siphon Soul,Crowd Roaster,Leeroy Jenkins,Wargear,Dire Frenzy,"Gral, the Shark",Nightmare Amalgam,Damaged Stegotron,Lifedrinker,Hagatha's Scheme,Faceless Rager,Unleash the Beast,Lifedrinker,Hench-Clan Burglar,Soul of the Forest,Scarab Egg
Al'Akir the Windlord,Grommash Hellscream,Seaforium Bomber,Archmage Antonidas,Tirion Fordring,Dyn-o-matic,Mechanical Whelp,Lord Godfrey,Crowd Roaster,Wargear,Zilliax,Dire Frenzy,Leeroy Jenkins,Nightmare Amalgam,Damaged Stegotron,Marked Shot,Zilliax,Hench-Clan Shadequill,Unleash the Beast,Lifedrinker,Vendetta,Swipe,Scarab Egg
Hagatha the Witch,Oondasta,Seaforium Bomber,Alexstrasza,Oondasta,Harrison Jones,Mechanical Whelp,Twisting Nether,Power of Creation,Wargear,Glowstone Technician,Tundra Rhino,Zilliax,Murloc Tastyfin,Catrina Muerte,Marked Shot,Swampqueen Hagatha,Hench-Clan Shadequill,Vereesa Windrunner,Waggle Pick,Vendetta,Swipe,Magic Carpet
Walking Fountain,The Boomship,Zilliax,Sea Giant,Ysera,Supercollider,Oblivitron,Twisting Nether,Power of Creation,Zilliax,Glowstone Technician,Savannah Highmane,Gadgetzan Auctioneer,Murloc Tastyfin,Mosh'ogg Enforcer,Baited Arrow,Hagatha the Witch,Unsleeping Soul,Jepetto Joybuzz,Waggle Pick,Walk the Plank,Wispering Woods,Magic Carpet
Walking Fountain,Dimensional Ripper,Blastmaster Boom,Sea Giant,Big Bad Archmage,Zilliax,Unleash the Beast,Lord Jaraxxus,Kalecgos,Missile Launcher,Missile Launcher,Unleash the Beast,Heistbaron Togwaggle,Scargil,Mosh'ogg Enforcer,Subject 9,Walking Fountain,Unsleeping Soul,Alexstrasza,Captain Greenskin,Myra's Unstable Element,Wispering Woods,Arch-Villain Rafaam
Ysera,Dimensional Ripper,"Dr. Boom, Mad Genius",Mountain Giant,Big Bad Archmage,"Dr. Boom, Mad Genius",Unleash the Beast,Mountain Giant,Mountain Giant,Missile Launcher,Kangor's Endless Army,Unleash the Beast,Mountain Giant,Bloodlust,Mass Resurrection,Zilliax,Walking Fountain,Witchwood Grizzly,Malygos,Leeroy Jenkins,Tak Nozwhisker,The Forest's Aid,Sea Giant
Big Bad Archmage,The Boom Reaver,Archivist Elysiana,Mountain Giant,"Shirvallah, the Tiger",Archivist Elysiana,Zul'jin,Mountain Giant,Mountain Giant,Boommaster Flark,Tirion Fordring,Zul'jin,Mountain Giant,Bloodlust,Mass Resurrection,Unleash the Beast,Shudderwock,Witchwood Grizzly,Zul'jin,Myra's Unstable Element,Tess Greymane,The Forest's Aid,Sea Giant
